,layer1,layer2
0,0.2214765381489567,-0.07892139721021527
1,-0.25873542432783153,0.31191150550203955
2,0.11871136105728503,0.13145320073165748
3,0.2441930213045963,0.09452032508168023
4,-0.07881582230885607,0.18271736708804387
5,0.28237533907589346,0.3357351236527705
6,0.21415315630426093,0.037135894340899055
7,0.6527377234900247,0.182615829793992
8,0.18906905896143641,0.1369416833759981
9,0.22428587884158907,0.1597946429747693
