,layer1,layer2
0,0.10066379780753232,0.2800477889631408
1,-0.017806713586530912,0.3282460272347172
2,0.8425924333743132,0.009377775463858772
3,-0.18424314673452255,-0.3035296286833644
4,-0.031133240202159563,-0.3217324434815754
5,0.5839016360721122,0.7158977604361697
6,0.37377723842288113,-0.32491647004266694
7,0.41133706967543365,0.029421081051913173
8,-0.029391067091373527,0.003644013577253888
9,0.8358008044101009,0.32963872507219727
